Name,Email,Phone,City,State,Country,DateOfBirth,Age
Brennan Stephens,brennan.stephens@example.com,(682) 740-3925,Roseburg,Alaska,United States,1953-02-15T13:58:00.203Z,70
Lena Williamson,lena.williamson@example.com,(780) 905-4672,Tallahassee,Texas,United States,1989-12-23T02:19:10.046Z,33
Jamie Lawrence,jamie.lawrence@example.com,(827) 392-3682,West Valley City,Missouri,United States,2000-03-29T06:46:20.099Z,23
Rachel Dunn,rachel.dunn@example.com,(383) 645-4355,Pomona,Georgia,United States,1952-08-22T22:06:49.018Z,70
Myrtle Fuller,myrtle.fuller@example.com,(977) 269-9586,San Antonio,Montana,United States,1961-04-02T23:28:10.483Z,62
Bonnie Rodriguez,bonnie.rodriguez@example.com,(382) 275-8213,Baton Rouge,New York,United States,1963-04-30T02:39:59.098Z,60
Salvador Parker,salvador.parker@example.com,(419) 756-5422,Olathe,New Hampshire,United States,1990-10-18T01:13:14.219Z,32
Wayne Reyes,wayne.reyes@example.com,(418) 357-9950,Irving,Kentucky,United States,1965-03-23T00:08:03.907Z,58
Jose Phillips,jose.phillips@example.com,(407) 389-1350,Gainesville,Maryland,United States,1967-09-10T09:07:43.606Z,55
Alfred Wagner,alfred.wagner@example.com,(985) 612-9395,Thornton,Virginia,United States,1966-10-13T09:05:05.784Z,56
Andy Graves,andy.graves@example.com,(877) 773-9030,Mcallen,Hawaii,United States,2001-01-03T11:58:16.331Z,22
Vera Anderson,vera.anderson@example.com,(232) 862-4294,Inglewood,Utah,United States,1969-09-30T02:07:10.322Z,53
Kristina Holland,kristina.holland@example.com,(681) 990-2768,Cambridge,Oregon,United States,1995-10-09T16:16:25.071Z,27
Tiffany Hill,tiffany.hill@example.com,(283) 705-4362,San Antonio,North Carolina,United States,1994-10-15T21:36:53.023Z,28
Irma Holmes,irma.holmes@example.com,(980) 213-4679,Red Bluff,Wyoming,United States,1965-09-09T08:17:45.868Z,57
Irene Peters,irene.peters@example.com,(749) 530-0492,North Las Vegas,Rhode Island,United States,1962-05-09T05:37:52.047Z,61
Nicholas Price,nicholas.price@example.com,(563) 605-0525,Greeley,Louisiana,United States,1970-07-09T08:37:52.894Z,53
Jennifer Gomez,jennifer.gomez@example.com,(744) 255-2582,Antioch,North Dakota,United States,1945-06-29T08:21:01.752Z,78
Lewis Fletcher,lewis.fletcher@example.com,(398) 737-5645,Provo,Washington,United States,1983-08-03T19:32:33.800Z,39
Emma George,emma.george@example.com,(985) 865-8696,Flint,Mississippi,United States,1969-12-04T13:50:45.266Z,53
Brooklyn Stewart,brooklyn.stewart@example.com,(634) 598-5388,Red Bluff,Mississippi,United States,1986-09-28T21:46:03.541Z,36
Delores Hoffman,delores.hoffman@example.com,(999) 876-5788,Fort Wayne,Kentucky,United States,1961-06-22T23:28:23.729Z,62
Sophia Wilson,sophia.wilson@example.com,(470) 955-2959,Clearwater,Connecticut,United States,1992-11-24T04:37:06.279Z,30
Natalie Parker,natalie.parker@example.com,(588) 948-4658,New York,Nevada,United States,1944-09-22T04:53:22.075Z,78
Ryan Castro,ryan.castro@example.com,(349) 458-4975,West Covina,Michigan,United States,1995-01-01T21:22:29.943Z,28
Johnni Parker,johnni.parker@example.com,(841) 818-1470,Pembroke Pines,Alabama,United States,1971-03-11T19:08:32.845Z,52
Liam Hunt,liam.hunt@example.com,(272) 901-5061,Santa Rosa,Vermont,United States,1993-04-02T00:15:11.765Z,30
Rosemary Herrera,rosemary.herrera@example.com,(360) 280-2691,Fountain Valley,Massachusetts,United States,1967-12-03T09:55:31.522Z,55
Renee Foster,renee.foster@example.com,(526) 725-1078,Belen,California,United States,1986-07-03T19:10:19.553Z,37
Cathy Reid,cathy.reid@example.com,(281) 384-7878,Ironville,Michigan,United States,1986-10-03T05:25:25.324Z,36
Howard Hale,howard.hale@example.com,(795) 390-0935,Spokane,Massachusetts,United States,1981-11-17T00:05:51.570Z,41
Delores Douglas,delores.douglas@example.com,(255) 287-1449,Clearwater,Vermont,United States,1988-04-11T13:35:42.159Z,35
Judy Lane,judy.lane@example.com,(321) 408-7232,Waxahachie,Kentucky,United States,1996-02-21T03:12:45.599Z,27
Ray Richards,ray.richards@example.com,(784) 246-7419,Anchorage,Connecticut,United States,1979-05-24T14:16:52.780Z,44
Norma Garcia,norma.garcia@example.com,(441) 911-1372,Saginaw,Idaho,United States,1992-08-31T14:54:48.966Z,30
Noah Cruz,noah.cruz@example.com,(609) 878-9151,Pearland,Florida,United States,1979-08-18T01:31:42.091Z,43
Naomi Crawford,naomi.crawford@example.com,(899) 675-2250,Cary,Nevada,United States,1949-07-04T08:37:07.629Z,74
Scott Davis,scott.davis@example.com,(860) 598-6922,Allentown,Oregon,United States,1973-04-14T17:37:15.975Z,50
Lois Knight,lois.knight@example.com,(484) 488-3696,West Covina,Tennessee,United States,1993-08-31T19:22:30.014Z,29
Emma Cox,emma.cox@example.com,(521) 644-2351,Jersey City,Wyoming,United States,1987-08-04T17:39:43.870Z,35
Mattie Hicks,mattie.hicks@example.com,(253) 546-2582,Detroit,Idaho,United States,1950-11-25T00:51:07.246Z,72
Kelly Neal,kelly.neal@example.com,(228) 673-1258,Murfreesboro,Virginia,United States,1976-05-19T05:05:08.254Z,47
Duane Palmer,duane.palmer@example.com,(832) 454-4727,Seymour,Michigan,United States,1983-12-03T18:23:57.621Z,39
Jacqueline Owens,jacqueline.owens@example.com,(346) 460-5472,Virginia Beach,Arkansas,United States,1954-04-12T17:41:14.730Z,69
Connor West,connor.west@example.com,(572) 290-0234,Westminster,West Virginia,United States,1969-01-11T00:46:18.091Z,54
Courtney Mckinney,courtney.mckinney@example.com,(514) 987-4135,Des Moines,West Virginia,United States,1950-04-15T23:17:24.020Z,73
Steve Daniels,steve.daniels@example.com,(654) 429-5810,Modesto,Michigan,United States,1991-05-18T17:33:00.935Z,32
Alexis Castillo,alexis.castillo@example.com,(484) 875-7154,Raleigh,New York,United States,1954-11-10T23:34:19.151Z,68
Cory Beck,cory.beck@example.com,(550) 966-9457,Grand Prairie,Kansas,United States,1988-12-05T05:41:29.826Z,34
Yolanda Russell,yolanda.russell@example.com,(313) 933-6977,Daly City,Minnesota,United States,1974-10-17T11:12:11.200Z,48
Norman Arnold,norman.arnold@example.com,(413) 497-8263,Baton Rouge,Connecticut,United States,1999-04-14T18:46:53.484Z,24
Jeff Lawrence,jeff.lawrence@example.com,(235) 916-6416,Vancouver,Colorado,United States,1966-05-20T14:16:25.065Z,57
Veronica Patterson,veronica.patterson@example.com,(351) 458-3720,Plano,South Dakota,United States,1999-09-20T14:08:56.900Z,23
Leroy Robinson,leroy.robinson@example.com,(764) 522-4499,Fairfield,New Mexico,United States,1946-03-23T03:59:42.409Z,77
Arlene Lee,arlene.lee@example.com,(759) 890-3261,Everett,Utah,United States,1961-08-09T09:25:58.952Z,61
Maxine Lopez,maxine.lopez@example.com,(834) 206-7731,El Cajon,Alaska,United States,1990-06-30T04:43:53.705Z,33
Charlene Woods,charlene.woods@example.com,(540) 485-6749,Amarillo,Mississippi,United States,1954-08-17T04:01:20.333Z,68
Tracey Ray,tracey.ray@example.com,(892) 601-0320,Roseville,Minnesota,United States,1966-10-17T21:43:12.764Z,56
Avery Barnett,avery.barnett@example.com,(374) 474-0571,Richmond,Texas,United States,1969-02-04T10:39:03.322Z,54
Ethel Fletcher,ethel.fletcher@example.com,(709) 301-0010,Red Oak,Delaware,United States,1975-01-19T19:58:03.015Z,48
Ava Clark,ava.clark@example.com,(728) 720-3501,Pompano Beach,New Jersey,United States,2000-05-10T11:12:40.556Z,23
Bernice Hall,bernice.hall@example.com,(578) 389-7491,Hialeah,Delaware,United States,1971-01-01T15:55:40.464Z,52
Oscar Gilbert,oscar.gilbert@example.com,(613) 770-9933,Elk Grove,Georgia,United States,1966-03-06T14:10:23.105Z,57
Ruben Jackson,ruben.jackson@example.com,(576) 386-5755,Duncanville,Vermont,United States,1963-10-21T04:42:51.232Z,59
Vicki Edwards,vicki.edwards@example.com,(506) 538-8724,Abilene,Missouri,United States,1968-12-08T19:27:04.192Z,54
Heidi Jordan,heidi.jordan@example.com,(924) 836-6099,Lewiston,Kentucky,United States,1974-04-01T08:29:32.881Z,49
Erica Simmons,erica.simmons@example.com,(622) 389-7220,West Covina,Indiana,United States,1945-03-09T17:13:50.293Z,78
Phillip Miller,phillip.miller@example.com,(377) 774-0487,Evansville,South Carolina,United States,1963-05-30T21:14:41.629Z,60
Jessica Lewis,jessica.lewis@example.com,(700) 285-2879,Garden Grove,Nebraska,United States,1989-12-02T22:04:01.654Z,33
Jessica Harris,jessica.harris@example.com,(264) 639-9694,Rialto,Texas,United States,1982-02-23T23:21:37.718Z,41
Marshall Alexander,marshall.alexander@example.com,(353) 306-0414,Chesapeake,Pennsylvania,United States,1952-09-08T21:02:43.505Z,70
Hunter Weaver,hunter.weaver@example.com,(748) 941-8221,Sunnyvale,Mississippi,United States,1974-09-09T21:29:57.465Z,48
Don Carlson,don.carlson@example.com,(414) 665-6215,Birmingham,Connecticut,United States,1979-11-09T06:49:02.968Z,43
Joanne Newman,joanne.newman@example.com,(576) 501-9599,Elko,New Hampshire,United States,1952-11-14T06:31:21.084Z,70
Kelly Olson,kelly.olson@example.com,(406) 407-1229,Farmers Branch,Delaware,United States,1986-11-23T02:48:39.757Z,36
Minnie Ellis,minnie.ellis@example.com,(858) 225-5458,Ventura,Arizona,United States,1982-08-11T23:10:16.358Z,40
Dylan Hansen,dylan.hansen@example.com,(560) 659-5250,Brownsville,Rhode Island,United States,1994-02-25T09:23:49.277Z,29
Nathaniel Collins,nathaniel.collins@example.com,(453) 591-8614,Roseville,Ohio,United States,1981-05-05T22:41:16.887Z,42
Sylvia Evans,sylvia.evans@example.com,(560) 572-0354,Fairfield,Kansas,United States,1969-04-15T07:15:46.719Z,54
Sarah Turner,sarah.turner@example.com,(687) 747-3272,Waxahachie,Nevada,United States,1950-06-29T16:21:33.270Z,73
Lesa Walker,lesa.walker@example.com,(677) 652-8357,Rialto,Connecticut,United States,1997-11-18T11:36:33.941Z,25
Derrick Thompson,derrick.thompson@example.com,(228) 861-0571,Albany,Massachusetts,United States,1958-10-27T05:00:41.648Z,64
Troy Parker,troy.parker@example.com,(262) 358-3454,Oakland,Utah,United States,1990-07-09T07:23:44.418Z,33
Renee Walker,renee.walker@example.com,(265) 876-3394,Allen,Rhode Island,United States,1980-08-16T05:06:17.605Z,42
Jose Gordon,jose.gordon@example.com,(618) 841-2499,Portland,Idaho,United States,1967-10-29T14:42:42.803Z,55
Kristen Black,kristen.black@example.com,(387) 835-0243,South Bend,Oregon,United States,1968-06-04T17:23:32.276Z,55
Paul Cox,paul.cox@example.com,(233) 812-5674,Albany,North Dakota,United States,1985-08-29T12:25:20.510Z,37
Wesley Sims,wesley.sims@example.com,(954) 561-7294,Van Alstyne,California,United States,1971-06-07T05:34:01.145Z,52
Olivia Hughes,olivia.hughes@example.com,(723) 272-9847,Miramar,Montana,United States,1995-10-06T22:26:12.048Z,27
Serenity Mcdonalid,serenity.mcdonalid@example.com,(936) 915-9550,Nashville,Colorado,United States,1948-04-20T23:39:23.608Z,75
Frederick Morgan,frederick.morgan@example.com,(566) 779-4489,Lancaster,Arizona,United States,1996-02-03T01:55:13.992Z,27
Noah Barnes,noah.barnes@example.com,(567) 900-0269,Anna,Washington,United States,1967-11-19T13:56:37.872Z,55
Nellie Newman,nellie.newman@example.com,(598) 696-7168,Redding,Oregon,United States,1962-02-02T20:21:51.698Z,61
Edwin Long,edwin.long@example.com,(515) 465-4400,Corpus Christi,Massachusetts,United States,1959-02-25T15:45:50.609Z,64
Monica Fields,monica.fields@example.com,(313) 920-6627,Orlando,Tennessee,United States,1958-08-25T19:58:21.322Z,64
Lily Rose,lily.rose@example.com,(289) 313-4122,Vernon,New Jersey,United States,2000-09-13T21:22:13.539Z,22
Bradley Watkins,bradley.watkins@example.com,(507) 429-7456,Kansas City,Louisiana,United States,1955-10-29T05:45:51.567Z,67
Barry Jenkins,barry.jenkins@example.com,(645) 453-3981,Aurora,Iowa,United States,1955-03-30T17:06:17.303Z,68
Alfred Steeves ,alfred.steeves@example.com,(720) 615-5198,Oceanside,Hawaii,United States,1995-03-26T12:53:06.182Z,28
Heidi Davis,heidi.davis@example.com,(603) 848-8362,New Haven,Alabama,United States,1985-01-02T08:57:04.460Z,38
